old_path,new_path
/Users/rafaelkleimpaul/Desktop/Projetos/Automacao_Shorts/data/assets/broll/finance/luxury (23).MP4,/Users/rafaelkleimpaul/Desktop/Projetos/Automacao_Shorts/data/assets/broll/finance/broll_finance_luxury_23.mp4
/Users/rafaelkleimpaul/Desktop/Projetos/Automacao_Shorts/data/assets/broll/finance/luxury new (58).MP4,/Users/rafaelkleimpaul/Desktop/Projetos/Automacao_Shorts/data/assets/broll/finance/broll_finance_luxury_58.mp4
/Users/rafaelkleimpaul/Desktop/Projetos/Automacao_Shorts/data/assets/broll/finance/Icon of the Seas i.MP4,/Users/rafaelkleimpaul/Desktop/Projetos/Automacao_Shorts/data/assets/broll/finance/broll_finance_icon_of_the.mp4
/Users/rafaelkleimpaul/Desktop/Projetos/Automacao_Shorts/data/assets/broll/finance/luxury (1).MP4,/Users/rafaelkleimpaul/Desktop/Projetos/Automacao_Shorts/data/assets/broll/finance/broll_finance_luxury_1.mp4
/Users/rafaelkleimpaul/Desktop/Projetos/Automacao_Shorts/data/assets/broll/finance/luxury (62).MP4,/Users/rafaelkleimpaul/Desktop/Projetos/Automacao_Shorts/data/assets/broll/finance/broll_finance_luxury_62.mp4
/Users/rafaelkleimpaul/Desktop/Projetos/Automacao_Shorts/data/assets/broll/finance/A.MP4,/Users/rafaelkleimpaul/Desktop/Projetos/Automacao_Shorts/data/assets/broll/finance/broll_finance_a.mp4
/Users/rafaelkleimpaul/Desktop/Projetos/Automacao_Shorts/data/assets/broll/finance/luxury new (19).MP4,/Users/rafaelkleimpaul/Desktop/Projetos/Automacao_Shorts/data/assets/broll/finance/broll_finance_luxury_19.mp4
/Users/rafaelkleimpaul/Desktop/Projetos/Automacao_Shorts/data/assets/broll/finance/A one of a kind.MP4,/Users/rafaelkleimpaul/Desktop/Projetos/Automacao_Shorts/data/assets/broll/finance/broll_finance_a_one_of.mp4
/Users/rafaelkleimpaul/Desktop/Projetos/Automacao_Shorts/data/assets/broll/finance/luxury (35).MP4,/Users/rafaelkleimpaul/Desktop/Projetos/Automacao_Shorts/data/assets/broll/finance/broll_finance_luxury_35.mp4
/Users/rafaelkleimpaul/Desktop/Projetos/Automacao_Shorts/data/assets/broll/finance/luxury new (35).MP4,/Users/rafaelkleimpaul/Desktop/Projetos/Automacao_Shorts/data/assets/broll/finance/broll_finance_luxury_35.mp4
/Users/rafaelkleimpaul/Desktop/Projetos/Automacao_Shorts/data/assets/broll/finance/Beautiful house   Follow us  @naturesms_to for more#post #viral #trending #explore.MP4,/Users/rafaelkleimpaul/Desktop/Projetos/Automacao_Shorts/data/assets/broll/finance/broll_finance_beautiful_house_follow.mp4
/Users/rafaelkleimpaul/Desktop/Projetos/Automacao_Shorts/data/assets/broll/finance/love.MP4,/Users/rafaelkleimpaul/Desktop/Projetos/Automacao_Shorts/data/assets/broll/finance/broll_finance_love.mp4
/Users/rafaelkleimpaul/Desktop/Projetos/Automacao_Shorts/data/assets/broll/finance/luxury new (62).MP4,/Users/rafaelkleimpaul/Desktop/Projetos/Automacao_Shorts/data/assets/broll/finance/broll_finance_luxury_62.mp4
/Users/rafaelkleimpaul/Desktop/Projetos/Automacao_Shorts/data/assets/broll/finance/luxury (19).MP4,/Users/rafaelkleimpaul/Desktop/Projetos/Automacao_Shorts/data/assets/broll/finance/broll_finance_luxury_19.mp4
/Users/rafaelkleimpaul/Desktop/Projetos/Automacao_Shorts/data/assets/broll/finance/luxury new (74).MP4,/Users/rafaelkleimpaul/Desktop/Projetos/Automacao_Shorts/data/assets/broll/finance/broll_finance_luxury_74.mp4
/Users/rafaelkleimpaul/Desktop/Projetos/Automacao_Shorts/data/assets/broll/finance/is your favorite one.MP4,/Users/rafaelkleimpaul/Desktop/Projetos/Automacao_Shorts/data/assets/broll/finance/broll_finance_is_your_favorite.mp4
/Users/rafaelkleimpaul/Desktop/Projetos/Automacao_Shorts/data/assets/broll/finance/luxury home.MP4,/Users/rafaelkleimpaul/Desktop/Projetos/Automacao_Shorts/data/assets/broll/finance/broll_finance_luxury_home.mp4
/Users/rafaelkleimpaul/Desktop/Projetos/Automacao_Shorts/data/assets/broll/finance/luxury new (23).MP4,/Users/rafaelkleimpaul/Desktop/Projetos/Automacao_Shorts/data/assets/broll/finance/broll_finance_luxury_23.mp4
/Users/rafaelkleimpaul/Desktop/Projetos/Automacao_Shorts/data/assets/broll/finance/luxury (58).MP4,/Users/rafaelkleimpaul/Desktop/Projetos/Automacao_Shorts/data/assets/broll/finance/broll_finance_luxury_58.mp4
/Users/rafaelkleimpaul/Desktop/Projetos/Automacao_Shorts/data/assets/broll/finance/luxury new (1).MP4,/Users/rafaelkleimpaul/Desktop/Projetos/Automacao_Shorts/data/assets/broll/finance/broll_finance_luxury_1.mp4
/Users/rafaelkleimpaul/Desktop/Projetos/Automacao_Shorts/data/assets/broll/finance/luxury new (54).MP4,/Users/rafaelkleimpaul/Desktop/Projetos/Automacao_Shorts/data/assets/broll/finance/broll_finance_luxury_54.mp4
/Users/rafaelkleimpaul/Desktop/Projetos/Automacao_Shorts/data/assets/broll/finance/BMW.MP4,/Users/rafaelkleimpaul/Desktop/Projetos/Automacao_Shorts/data/assets/broll/finance/broll_finance_bmw.mp4
/Users/rafaelkleimpaul/Desktop/Projetos/Automacao_Shorts/data/assets/broll/finance/bye.MP4,/Users/rafaelkleimpaul/Desktop/Projetos/Automacao_Shorts/data/assets/broll/finance/broll_finance_bye.mp4
/Users/rafaelkleimpaul/Desktop/Projetos/Automacao_Shorts/data/assets/broll/finance/luxury new (15).MP4,/Users/rafaelkleimpaul/Desktop/Projetos/Automacao_Shorts/data/assets/broll/finance/broll_finance_luxury_15.mp4
/Users/rafaelkleimpaul/Desktop/Projetos/Automacao_Shorts/data/assets/broll/finance/luxury (39).MP4,/Users/rafaelkleimpaul/Desktop/Projetos/Automacao_Shorts/data/assets/broll/finance/broll_finance_luxury_39.mp4
/Users/rafaelkleimpaul/Desktop/Projetos/Automacao_Shorts/data/assets/broll/finance/luxury new (42).MP4,/Users/rafaelkleimpaul/Desktop/Projetos/Automacao_Shorts/data/assets/broll/finance/broll_finance_luxury_42.mp4
/Users/rafaelkleimpaul/Desktop/Projetos/Automacao_Shorts/data/assets/broll/finance/luxury 3.MP4,/Users/rafaelkleimpaul/Desktop/Projetos/Automacao_Shorts/data/assets/broll/finance/broll_finance_luxury_3.mp4
/Users/rafaelkleimpaul/Desktop/Projetos/Automacao_Shorts/data/assets/broll/finance/luxury new (39).MP4,/Users/rafaelkleimpaul/Desktop/Projetos/Automacao_Shorts/data/assets/broll/finance/broll_finance_luxury_39.mp4
/Users/rafaelkleimpaul/Desktop/Projetos/Automacao_Shorts/data/assets/broll/finance/luxury (42).MP4,/Users/rafaelkleimpaul/Desktop/Projetos/Automacao_Shorts/data/assets/broll/finance/broll_finance_luxury_42.mp4
/Users/rafaelkleimpaul/Desktop/Projetos/Automacao_Shorts/data/assets/broll/finance/Dubai.MP4,/Users/rafaelkleimpaul/Desktop/Projetos/Automacao_Shorts/data/assets/broll/finance/broll_finance_dubai.mp4
/Users/rafaelkleimpaul/Desktop/Projetos/Automacao_Shorts/data/assets/broll/finance/luxury (15).MP4,/Users/rafaelkleimpaul/Desktop/Projetos/Automacao_Shorts/data/assets/broll/finance/broll_finance_luxury_15.mp4
/Users/rafaelkleimpaul/Desktop/Projetos/Automacao_Shorts/data/assets/broll/finance/luxury new (81).MP4,/Users/rafaelkleimpaul/Desktop/Projetos/Automacao_Shorts/data/assets/broll/finance/broll_finance_luxury_81.mp4
/Users/rafaelkleimpaul/Desktop/Projetos/Automacao_Shorts/data/assets/broll/finance/Huracan STO.MP4,/Users/rafaelkleimpaul/Desktop/Projetos/Automacao_Shorts/data/assets/broll/finance/broll_finance_huracan_sto.mp4
/Users/rafaelkleimpaul/Desktop/Projetos/Automacao_Shorts/data/assets/broll/finance/luxury new (78).MP4,/Users/rafaelkleimpaul/Desktop/Projetos/Automacao_Shorts/data/assets/broll/finance/broll_finance_luxury_78.mp4
/Users/rafaelkleimpaul/Desktop/Projetos/Automacao_Shorts/data/assets/broll/finance/luxury (54).MP4,/Users/rafaelkleimpaul/Desktop/Projetos/Automacao_Shorts/data/assets/broll/finance/broll_finance_luxury_54.mp4
/Users/rafaelkleimpaul/Desktop/Projetos/Automacao_Shorts/data/assets/broll/finance/1016 720s or 765LT.MP4,/Users/rafaelkleimpaul/Desktop/Projetos/Automacao_Shorts/data/assets/broll/finance/broll_finance_1016_720s_or.mp4
/Users/rafaelkleimpaul/Desktop/Projetos/Automacao_Shorts/data/assets/broll/finance/𝖠𝗆𝖺𝗓𝗂𝗇𝗀 𝖳𝗁𝖺𝗂𝗅𝖺𝗇𝖽.MP4,/Users/rafaelkleimpaul/Desktop/Projetos/Automacao_Shorts/data/assets/broll/finance/broll_finance.mp4
/Users/rafaelkleimpaul/Desktop/Projetos/Automacao_Shorts/data/assets/broll/finance/duo(1).MP4,/Users/rafaelkleimpaul/Desktop/Projetos/Automacao_Shorts/data/assets/broll/finance/broll_finance_duo_1.mp4
/Users/rafaelkleimpaul/Desktop/Projetos/Automacao_Shorts/data/assets/broll/finance/luxury (55).MP4,/Users/rafaelkleimpaul/Desktop/Projetos/Automacao_Shorts/data/assets/broll/finance/broll_finance_luxury_55.mp4
/Users/rafaelkleimpaul/Desktop/Projetos/Automacao_Shorts/data/assets/broll/finance/luxury new (79).MP4,/Users/rafaelkleimpaul/Desktop/Projetos/Automacao_Shorts/data/assets/broll/finance/broll_finance_luxury_79.mp4
/Users/rafaelkleimpaul/Desktop/Projetos/Automacao_Shorts/data/assets/broll/finance/AMG GLE.MP4,/Users/rafaelkleimpaul/Desktop/Projetos/Automacao_Shorts/data/assets/broll/finance/broll_finance_amg_gle.mp4
/Users/rafaelkleimpaul/Desktop/Projetos/Automacao_Shorts/data/assets/broll/finance/luxury (14).MP4,/Users/rafaelkleimpaul/Desktop/Projetos/Automacao_Shorts/data/assets/broll/finance/broll_finance_luxury_14.mp4
/Users/rafaelkleimpaul/Desktop/Projetos/Automacao_Shorts/data/assets/broll/finance/luxury .MP4,/Users/rafaelkleimpaul/Desktop/Projetos/Automacao_Shorts/data/assets/broll/finance/broll_finance_luxury.mp4
/Users/rafaelkleimpaul/Desktop/Projetos/Automacao_Shorts/data/assets/broll/finance/luxury new (80).MP4,/Users/rafaelkleimpaul/Desktop/Projetos/Automacao_Shorts/data/assets/broll/finance/broll_finance_luxury_80.mp4
/Users/rafaelkleimpaul/Desktop/Projetos/Automacao_Shorts/data/assets/broll/finance/beast(1).MP4,/Users/rafaelkleimpaul/Desktop/Projetos/Automacao_Shorts/data/assets/broll/finance/broll_finance_beast_1.mp4
/Users/rafaelkleimpaul/Desktop/Projetos/Automacao_Shorts/data/assets/broll/finance/Bmw .MP4,/Users/rafaelkleimpaul/Desktop/Projetos/Automacao_Shorts/data/assets/broll/finance/broll_finance_bmw.mp4
/Users/rafaelkleimpaul/Desktop/Projetos/Automacao_Shorts/data/assets/broll/finance/luxury new (38).MP4,/Users/rafaelkleimpaul/Desktop/Projetos/Automacao_Shorts/data/assets/broll/finance/broll_finance_luxury_38.mp4
/Users/rafaelkleimpaul/Desktop/Projetos/Automacao_Shorts/data/assets/broll/finance/luxury (43).MP4,/Users/rafaelkleimpaul/Desktop/Projetos/Automacao_Shorts/data/assets/broll/finance/broll_finance_luxury_43.mp4
/Users/rafaelkleimpaul/Desktop/Projetos/Automacao_Shorts/data/assets/broll/finance/beast.MP4,/Users/rafaelkleimpaul/Desktop/Projetos/Automacao_Shorts/data/assets/broll/finance/broll_finance_beast.mp4
/Users/rafaelkleimpaul/Desktop/Projetos/Automacao_Shorts/data/assets/broll/finance/luxury new (43).MP4,/Users/rafaelkleimpaul/Desktop/Projetos/Automacao_Shorts/data/assets/broll/finance/broll_finance_luxury_43.mp4
/Users/rafaelkleimpaul/Desktop/Projetos/Automacao_Shorts/data/assets/broll/finance/luxury new (14).MP4,/Users/rafaelkleimpaul/Desktop/Projetos/Automacao_Shorts/data/assets/broll/finance/broll_finance_luxury_14.mp4
/Users/rafaelkleimpaul/Desktop/Projetos/Automacao_Shorts/data/assets/broll/finance/Forever.MP4,/Users/rafaelkleimpaul/Desktop/Projetos/Automacao_Shorts/data/assets/broll/finance/broll_finance_forever.mp4
/Users/rafaelkleimpaul/Desktop/Projetos/Automacao_Shorts/data/assets/broll/finance/Im  Buying Happiness.MP4,/Users/rafaelkleimpaul/Desktop/Projetos/Automacao_Shorts/data/assets/broll/finance/broll_finance_im_buying_happiness.mp4
/Users/rafaelkleimpaul/Desktop/Projetos/Automacao_Shorts/data/assets/broll/finance/luxury new (55).MP4,/Users/rafaelkleimpaul/Desktop/Projetos/Automacao_Shorts/data/assets/broll/finance/broll_finance_luxury_55.mp4
/Users/rafaelkleimpaul/Desktop/Projetos/Automacao_Shorts/data/assets/broll/finance/luxury new (22).MP4,/Users/rafaelkleimpaul/Desktop/Projetos/Automacao_Shorts/data/assets/broll/finance/broll_finance_luxury_22.mp4
/Users/rafaelkleimpaul/Desktop/Projetos/Automacao_Shorts/data/assets/broll/finance/luxury modern house.MP4,/Users/rafaelkleimpaul/Desktop/Projetos/Automacao_Shorts/data/assets/broll/finance/broll_finance_luxury_modern_house.mp4
/Users/rafaelkleimpaul/Desktop/Projetos/Automacao_Shorts/data/assets/broll/finance/luxury (59).MP4,/Users/rafaelkleimpaul/Desktop/Projetos/Automacao_Shorts/data/assets/broll/finance/broll_finance_luxury_59.mp4
/Users/rafaelkleimpaul/Desktop/Projetos/Automacao_Shorts/data/assets/broll/finance/E63S on the.MP4,/Users/rafaelkleimpaul/Desktop/Projetos/Automacao_Shorts/data/assets/broll/finance/broll_finance_e63s_on_the.mp4
/Users/rafaelkleimpaul/Desktop/Projetos/Automacao_Shorts/data/assets/broll/finance/luxury new (75).MP4,/Users/rafaelkleimpaul/Desktop/Projetos/Automacao_Shorts/data/assets/broll/finance/broll_finance_luxury_75.mp4
/Users/rafaelkleimpaul/Desktop/Projetos/Automacao_Shorts/data/assets/broll/finance/luxury new (63).MP4,/Users/rafaelkleimpaul/Desktop/Projetos/Automacao_Shorts/data/assets/broll/finance/broll_finance_luxury_63.mp4
/Users/rafaelkleimpaul/Desktop/Projetos/Automacao_Shorts/data/assets/broll/finance/luxury new (34).MP4,/Users/rafaelkleimpaul/Desktop/Projetos/Automacao_Shorts/data/assets/broll/finance/broll_finance_luxury_34.mp4
/Users/rafaelkleimpaul/Desktop/Projetos/Automacao_Shorts/data/assets/broll/finance/Imagine this.MP4,/Users/rafaelkleimpaul/Desktop/Projetos/Automacao_Shorts/data/assets/broll/finance/broll_finance_imagine_this.mp4
/Users/rafaelkleimpaul/Desktop/Projetos/Automacao_Shorts/data/assets/broll/finance/luxury (34).MP4,/Users/rafaelkleimpaul/Desktop/Projetos/Automacao_Shorts/data/assets/broll/finance/broll_finance_luxury_34.mp4
/Users/rafaelkleimpaul/Desktop/Projetos/Automacao_Shorts/data/assets/broll/finance/luxury (63).MP4,/Users/rafaelkleimpaul/Desktop/Projetos/Automacao_Shorts/data/assets/broll/finance/broll_finance_luxury_63.mp4
/Users/rafaelkleimpaul/Desktop/Projetos/Automacao_Shorts/data/assets/broll/finance/luxury new (18).MP4,/Users/rafaelkleimpaul/Desktop/Projetos/Automacao_Shorts/data/assets/broll/finance/broll_finance_luxury_18.mp4
/Users/rafaelkleimpaul/Desktop/Projetos/Automacao_Shorts/data/assets/broll/finance/Luxury life.MP4,/Users/rafaelkleimpaul/Desktop/Projetos/Automacao_Shorts/data/assets/broll/finance/broll_finance_luxury_life.mp4
/Users/rafaelkleimpaul/Desktop/Projetos/Automacao_Shorts/data/assets/broll/finance/luxury (22).MP4,/Users/rafaelkleimpaul/Desktop/Projetos/Automacao_Shorts/data/assets/broll/finance/broll_finance_luxury_22.mp4
/Users/rafaelkleimpaul/Desktop/Projetos/Automacao_Shorts/data/assets/broll/finance/🏎Big flames 🗣 🏎📽Credit-📽@5.3_vargas  sponser-@crackwrapz @after.flame   @houston.muscle.cars @tinybotvinyl @crackwrapz @na_mustangs_ @mustangdomein @v8hub @v8videos.MP4,/Users/rafaelkleimpaul/Desktop/Projetos/Automacao_Shorts/data/assets/broll/finance/broll_finance_big_flames_credit.mp4
/Users/rafaelkleimpaul/Desktop/Projetos/Automacao_Shorts/data/assets/broll/finance/luxury new (59).MP4,/Users/rafaelkleimpaul/Desktop/Projetos/Automacao_Shorts/data/assets/broll/finance/broll_finance_luxury_59.mp4
/Users/rafaelkleimpaul/Desktop/Projetos/Automacao_Shorts/data/assets/broll/finance/Just another working day.MP4,/Users/rafaelkleimpaul/Desktop/Projetos/Automacao_Shorts/data/assets/broll/finance/broll_finance_just_another_working.mp4
/Users/rafaelkleimpaul/Desktop/Projetos/Automacao_Shorts/data/assets/broll/finance/luxury (29).MP4,/Users/rafaelkleimpaul/Desktop/Projetos/Automacao_Shorts/data/assets/broll/finance/broll_finance_luxury_29.mp4
/Users/rafaelkleimpaul/Desktop/Projetos/Automacao_Shorts/data/assets/broll/finance/luxury new (7).MP4,/Users/rafaelkleimpaul/Desktop/Projetos/Automacao_Shorts/data/assets/broll/finance/broll_finance_luxury_7.mp4
/Users/rafaelkleimpaul/Desktop/Projetos/Automacao_Shorts/data/assets/broll/finance/luxury new (52).MP4,/Users/rafaelkleimpaul/Desktop/Projetos/Automacao_Shorts/data/assets/broll/finance/broll_finance_luxury_52.mp4
/Users/rafaelkleimpaul/Desktop/Projetos/Automacao_Shorts/data/assets/broll/finance/Flame shoota  .MP4,/Users/rafaelkleimpaul/Desktop/Projetos/Automacao_Shorts/data/assets/broll/finance/broll_finance_flame_shoota.mp4
/Users/rafaelkleimpaul/Desktop/Projetos/Automacao_Shorts/data/assets/broll/finance/Aura Skypool.MP4,/Users/rafaelkleimpaul/Desktop/Projetos/Automacao_Shorts/data/assets/broll/finance/broll_finance_aura_skypool.mp4
/Users/rafaelkleimpaul/Desktop/Projetos/Automacao_Shorts/data/assets/broll/finance/G63 Brabus 800.MP4,/Users/rafaelkleimpaul/Desktop/Projetos/Automacao_Shorts/data/assets/broll/finance/broll_finance_g63_brabus_800.mp4
/Users/rafaelkleimpaul/Desktop/Projetos/Automacao_Shorts/data/assets/broll/finance/luxury new (13).MP4,/Users/rafaelkleimpaul/Desktop/Projetos/Automacao_Shorts/data/assets/broll/finance/broll_finance_luxury_13.mp4
/Users/rafaelkleimpaul/Desktop/Projetos/Automacao_Shorts/data/assets/broll/finance/Latest.MP4,/Users/rafaelkleimpaul/Desktop/Projetos/Automacao_Shorts/data/assets/broll/finance/broll_finance_latest.mp4
/Users/rafaelkleimpaul/Desktop/Projetos/Automacao_Shorts/data/assets/broll/finance/Enhance your luxury experience.MP4,/Users/rafaelkleimpaul/Desktop/Projetos/Automacao_Shorts/data/assets/broll/finance/broll_finance_enhance_your_luxury.mp4
/Users/rafaelkleimpaul/Desktop/Projetos/Automacao_Shorts/data/assets/broll/finance/luxury (44).MP4,/Users/rafaelkleimpaul/Desktop/Projetos/Automacao_Shorts/data/assets/broll/finance/broll_finance_luxury_44.mp4
/Users/rafaelkleimpaul/Desktop/Projetos/Automacao_Shorts/data/assets/broll/finance/luxury new (68).MP4,/Users/rafaelkleimpaul/Desktop/Projetos/Automacao_Shorts/data/assets/broll/finance/broll_finance_luxury_68.mp4
/Users/rafaelkleimpaul/Desktop/Projetos/Automacao_Shorts/data/assets/broll/finance/luxury new (87).MP4,/Users/rafaelkleimpaul/Desktop/Projetos/Automacao_Shorts/data/assets/broll/finance/broll_finance_luxury_87.mp4
/Users/rafaelkleimpaul/Desktop/Projetos/Automacao_Shorts/data/assets/broll/finance/luxury (13).MP4,/Users/rafaelkleimpaul/Desktop/Projetos/Automacao_Shorts/data/assets/broll/finance/broll_finance_luxury_13.mp4
"/Users/rafaelkleimpaul/Desktop/Projetos/Automacao_Shorts/data/assets/broll/finance/Beverly Hills, CA .MP4",/Users/rafaelkleimpaul/Desktop/Projetos/Automacao_Shorts/data/assets/broll/finance/broll_finance_beverly_hills_ca.mp4
/Users/rafaelkleimpaul/Desktop/Projetos/Automacao_Shorts/data/assets/broll/finance/Angel eyes or devid eyes.MP4,/Users/rafaelkleimpaul/Desktop/Projetos/Automacao_Shorts/data/assets/broll/finance/broll_finance_angel_eyes_or.mp4
/Users/rafaelkleimpaul/Desktop/Projetos/Automacao_Shorts/data/assets/broll/finance/luxury new (29).MP4,/Users/rafaelkleimpaul/Desktop/Projetos/Automacao_Shorts/data/assets/broll/finance/broll_finance_luxury_29.mp4
/Users/rafaelkleimpaul/Desktop/Projetos/Automacao_Shorts/data/assets/broll/finance/luxury (52).MP4,/Users/rafaelkleimpaul/Desktop/Projetos/Automacao_Shorts/data/assets/broll/finance/broll_finance_luxury_52.mp4
/Users/rafaelkleimpaul/Desktop/Projetos/Automacao_Shorts/data/assets/broll/finance/luxury (25).MP4,/Users/rafaelkleimpaul/Desktop/Projetos/Automacao_Shorts/data/assets/broll/finance/broll_finance_luxury_25.mp4
/Users/rafaelkleimpaul/Desktop/Projetos/Automacao_Shorts/data/assets/broll/finance/ferrari.MP4,/Users/rafaelkleimpaul/Desktop/Projetos/Automacao_Shorts/data/assets/broll/finance/broll_finance_ferrari.mp4
/Users/rafaelkleimpaul/Desktop/Projetos/Automacao_Shorts/data/assets/broll/finance/luxury (7).MP4,/Users/rafaelkleimpaul/Desktop/Projetos/Automacao_Shorts/data/assets/broll/finance/broll_finance_luxury_7.mp4
/Users/rafaelkleimpaul/Desktop/Projetos/Automacao_Shorts/data/assets/broll/finance/lambo.MP4,/Users/rafaelkleimpaul/Desktop/Projetos/Automacao_Shorts/data/assets/broll/finance/broll_finance_lambo.mp4
/Users/rafaelkleimpaul/Desktop/Projetos/Automacao_Shorts/data/assets/broll/finance/luxury (64).MP4,/Users/rafaelkleimpaul/Desktop/Projetos/Automacao_Shorts/data/assets/broll/finance/broll_finance_luxury_64.mp4
/Users/rafaelkleimpaul/Desktop/Projetos/Automacao_Shorts/data/assets/broll/finance/luxury (33).MP4,/Users/rafaelkleimpaul/Desktop/Projetos/Automacao_Shorts/data/assets/broll/finance/broll_finance_luxury_33.mp4
/Users/rafaelkleimpaul/Desktop/Projetos/Automacao_Shorts/data/assets/broll/finance/luxury new (48).MP4,/Users/rafaelkleimpaul/Desktop/Projetos/Automacao_Shorts/data/assets/broll/finance/broll_finance_luxury_48.mp4
/Users/rafaelkleimpaul/Desktop/Projetos/Automacao_Shorts/data/assets/broll/finance/luxury new (33).MP4,/Users/rafaelkleimpaul/Desktop/Projetos/Automacao_Shorts/data/assets/broll/finance/broll_finance_luxury_33.mp4
/Users/rafaelkleimpaul/Desktop/Projetos/Automacao_Shorts/data/assets/broll/finance/luxury (48).MP4,/Users/rafaelkleimpaul/Desktop/Projetos/Automacao_Shorts/data/assets/broll/finance/broll_finance_luxury_48.mp4
/Users/rafaelkleimpaul/Desktop/Projetos/Automacao_Shorts/data/assets/broll/finance/luxury new (64).MP4,/Users/rafaelkleimpaul/Desktop/Projetos/Automacao_Shorts/data/assets/broll/finance/broll_finance_luxury_64.mp4
/Users/rafaelkleimpaul/Desktop/Projetos/Automacao_Shorts/data/assets/broll/finance/I’m in love with money.MP4,/Users/rafaelkleimpaul/Desktop/Projetos/Automacao_Shorts/data/assets/broll/finance/broll_finance_i_m_in.mp4
/Users/rafaelkleimpaul/Desktop/Projetos/Automacao_Shorts/data/assets/broll/finance/luxury new (72).MP4,/Users/rafaelkleimpaul/Desktop/Projetos/Automacao_Shorts/data/assets/broll/finance/broll_finance_luxury_72.mp4
/Users/rafaelkleimpaul/Desktop/Projetos/Automacao_Shorts/data/assets/broll/finance/luxury new (25).MP4,/Users/rafaelkleimpaul/Desktop/Projetos/Automacao_Shorts/data/assets/broll/finance/broll_finance_luxury_25.mp4
/Users/rafaelkleimpaul/Desktop/Projetos/Automacao_Shorts/data/assets/broll/finance/luxury new (24).MP4,/Users/rafaelkleimpaul/Desktop/Projetos/Automacao_Shorts/data/assets/broll/finance/broll_finance_luxury_24.mp4
/Users/rafaelkleimpaul/Desktop/Projetos/Automacao_Shorts/data/assets/broll/finance/learn.MP4,/Users/rafaelkleimpaul/Desktop/Projetos/Automacao_Shorts/data/assets/broll/finance/broll_finance_learn.mp4
/Users/rafaelkleimpaul/Desktop/Projetos/Automacao_Shorts/data/assets/broll/finance/luxury new (73).MP4,/Users/rafaelkleimpaul/Desktop/Projetos/Automacao_Shorts/data/assets/broll/finance/broll_finance_luxury_73.mp4
/Users/rafaelkleimpaul/Desktop/Projetos/Automacao_Shorts/data/assets/broll/finance/JARDINS BOLONHA   4 suítes plenas sendo uma master com closet e hidromassagem.  256 m2 de área constru... Premium .  Sala de tbm com pé direito duplo.  Integração de ambientes.  Área de lazer top .  Alto padrão AGENDE SUA V.MP4,/Users/rafaelkleimpaul/Desktop/Projetos/Automacao_Shorts/data/assets/broll/finance/broll_finance_jardins_bolonha_4.mp4
/Users/rafaelkleimpaul/Desktop/Projetos/Automacao_Shorts/data/assets/broll/finance/luxury new (65).MP4,/Users/rafaelkleimpaul/Desktop/Projetos/Automacao_Shorts/data/assets/broll/finance/broll_finance_luxury_65.mp4
/Users/rafaelkleimpaul/Desktop/Projetos/Automacao_Shorts/data/assets/broll/finance/Brutal Ferrari SF90 Novitec  by @black.fox.motors #ferrari #supercar.MP4,/Users/rafaelkleimpaul/Desktop/Projetos/Automacao_Shorts/data/assets/broll/finance/broll_finance_brutal_ferrari_sf90.mp4
/Users/rafaelkleimpaul/Desktop/Projetos/Automacao_Shorts/data/assets/broll/finance/luxury new (32).MP4,/Users/rafaelkleimpaul/Desktop/Projetos/Automacao_Shorts/data/assets/broll/finance/broll_finance_luxury_32.mp4
/Users/rafaelkleimpaul/Desktop/Projetos/Automacao_Shorts/data/assets/broll/finance/luxury (49).MP4,/Users/rafaelkleimpaul/Desktop/Projetos/Automacao_Shorts/data/assets/broll/finance/broll_finance_luxury_49.mp4
/Users/rafaelkleimpaul/Desktop/Projetos/Automacao_Shorts/data/assets/broll/finance/Diamond.MP4,/Users/rafaelkleimpaul/Desktop/Projetos/Automacao_Shorts/data/assets/broll/finance/broll_finance_diamond.mp4
/Users/rafaelkleimpaul/Desktop/Projetos/Automacao_Shorts/data/assets/broll/finance/luxury new (49).MP4,/Users/rafaelkleimpaul/Desktop/Projetos/Automacao_Shorts/data/assets/broll/finance/broll_finance_luxury_49.mp4
/Users/rafaelkleimpaul/Desktop/Projetos/Automacao_Shorts/data/assets/broll/finance/Ferrari F8 Spider.MP4,/Users/rafaelkleimpaul/Desktop/Projetos/Automacao_Shorts/data/assets/broll/finance/broll_finance_ferrari_f8_spider.mp4
/Users/rafaelkleimpaul/Desktop/Projetos/Automacao_Shorts/data/assets/broll/finance/A success story for decades.MP4,/Users/rafaelkleimpaul/Desktop/Projetos/Automacao_Shorts/data/assets/broll/finance/broll_finance_a_success_story.mp4
/Users/rafaelkleimpaul/Desktop/Projetos/Automacao_Shorts/data/assets/broll/finance/luxury bedroom .MP4,/Users/rafaelkleimpaul/Desktop/Projetos/Automacao_Shorts/data/assets/broll/finance/broll_finance_luxury_bedroom.mp4
/Users/rafaelkleimpaul/Desktop/Projetos/Automacao_Shorts/data/assets/broll/finance/luxury (6).MP4,/Users/rafaelkleimpaul/Desktop/Projetos/Automacao_Shorts/data/assets/broll/finance/broll_finance_luxury_6.mp4
/Users/rafaelkleimpaul/Desktop/Projetos/Automacao_Shorts/data/assets/broll/finance/luxury (24).MP4,/Users/rafaelkleimpaul/Desktop/Projetos/Automacao_Shorts/data/assets/broll/finance/broll_finance_luxury_24.mp4
/Users/rafaelkleimpaul/Desktop/Projetos/Automacao_Shorts/data/assets/broll/finance/Best forex strategy.MP4,/Users/rafaelkleimpaul/Desktop/Projetos/Automacao_Shorts/data/assets/broll/finance/broll_finance_best_forex_strategy.mp4
/Users/rafaelkleimpaul/Desktop/Projetos/Automacao_Shorts/data/assets/broll/finance/luxury new (28).MP4,/Users/rafaelkleimpaul/Desktop/Projetos/Automacao_Shorts/data/assets/broll/finance/broll_finance_luxury_28.mp4
/Users/rafaelkleimpaul/Desktop/Projetos/Automacao_Shorts/data/assets/broll/finance/luxury (53).MP4,/Users/rafaelkleimpaul/Desktop/Projetos/Automacao_Shorts/data/assets/broll/finance/broll_finance_luxury_53.mp4
/Users/rafaelkleimpaul/Desktop/Projetos/Automacao_Shorts/data/assets/broll/finance/luxury new (86).MP4,/Users/rafaelkleimpaul/Desktop/Projetos/Automacao_Shorts/data/assets/broll/finance/broll_finance_luxury_86.mp4
/Users/rafaelkleimpaul/Desktop/Projetos/Automacao_Shorts/data/assets/broll/finance/luxury (12).MP4,/Users/rafaelkleimpaul/Desktop/Projetos/Automacao_Shorts/data/assets/broll/finance/broll_finance_luxury_12.mp4
/Users/rafaelkleimpaul/Desktop/Projetos/Automacao_Shorts/data/assets/broll/finance/luxury (45).MP4,/Users/rafaelkleimpaul/Desktop/Projetos/Automacao_Shorts/data/assets/broll/finance/broll_finance_luxury_45.mp4
/Users/rafaelkleimpaul/Desktop/Projetos/Automacao_Shorts/data/assets/broll/finance/Gray or Red .MP4,/Users/rafaelkleimpaul/Desktop/Projetos/Automacao_Shorts/data/assets/broll/finance/broll_finance_gray_or_red.mp4
/Users/rafaelkleimpaul/Desktop/Projetos/Automacao_Shorts/data/assets/broll/finance/AMG POWER.MP4,/Users/rafaelkleimpaul/Desktop/Projetos/Automacao_Shorts/data/assets/broll/finance/broll_finance_amg_power.mp4
/Users/rafaelkleimpaul/Desktop/Projetos/Automacao_Shorts/data/assets/broll/finance/luxury new (12).MP4,/Users/rafaelkleimpaul/Desktop/Projetos/Automacao_Shorts/data/assets/broll/finance/broll_finance_luxury_12.mp4
/Users/rafaelkleimpaul/Desktop/Projetos/Automacao_Shorts/data/assets/broll/finance/GLE63s AMG 🖤 cclass c250 c300 bclass cla cla250 gla cls g65 cls550 glc gls mercedes .mp4,/Users/rafaelkleimpaul/Desktop/Projetos/Automacao_Shorts/data/assets/broll/finance/broll_finance_gle63s_amg_cclass.mp4
/Users/rafaelkleimpaul/Desktop/Projetos/Automacao_Shorts/data/assets/broll/finance/luxury (28).MP4,/Users/rafaelkleimpaul/Desktop/Projetos/Automacao_Shorts/data/assets/broll/finance/broll_finance_luxury_28.mp4
/Users/rafaelkleimpaul/Desktop/Projetos/Automacao_Shorts/data/assets/broll/finance/like it.MP4,/Users/rafaelkleimpaul/Desktop/Projetos/Automacao_Shorts/data/assets/broll/finance/broll_finance_like_it.mp4
/Users/rafaelkleimpaul/Desktop/Projetos/Automacao_Shorts/data/assets/broll/finance/luxury new (6).MP4,/Users/rafaelkleimpaul/Desktop/Projetos/Automacao_Shorts/data/assets/broll/finance/broll_finance_luxury_6.mp4
/Users/rafaelkleimpaul/Desktop/Projetos/Automacao_Shorts/data/assets/broll/finance/luxury new (53).MP4,/Users/rafaelkleimpaul/Desktop/Projetos/Automacao_Shorts/data/assets/broll/finance/broll_finance_luxury_53.mp4
/Users/rafaelkleimpaul/Desktop/Projetos/Automacao_Shorts/data/assets/broll/finance/luxury (50).MP4,/Users/rafaelkleimpaul/Desktop/Projetos/Automacao_Shorts/data/assets/broll/finance/broll_finance_luxury_50.mp4
/Users/rafaelkleimpaul/Desktop/Projetos/Automacao_Shorts/data/assets/broll/finance/luxury (11).MP4,/Users/rafaelkleimpaul/Desktop/Projetos/Automacao_Shorts/data/assets/broll/finance/broll_finance_luxury_11.mp4
/Users/rafaelkleimpaul/Desktop/Projetos/Automacao_Shorts/data/assets/broll/finance/luxury new (85).MP4,/Users/rafaelkleimpaul/Desktop/Projetos/Automacao_Shorts/data/assets/broll/finance/broll_finance_luxury_85.mp4
/Users/rafaelkleimpaul/Desktop/Projetos/Automacao_Shorts/data/assets/broll/finance/Audi R8 Spyder! 2.MP4,/Users/rafaelkleimpaul/Desktop/Projetos/Automacao_Shorts/data/assets/broll/finance/broll_finance_audi_r8_spyder.mp4
/Users/rafaelkleimpaul/Desktop/Projetos/Automacao_Shorts/data/assets/broll/finance/luxury (46).MP4,/Users/rafaelkleimpaul/Desktop/Projetos/Automacao_Shorts/data/assets/broll/finance/broll_finance_luxury_46.mp4
/Users/rafaelkleimpaul/Desktop/Projetos/Automacao_Shorts/data/assets/broll/finance/luxury new (46).MP4,/Users/rafaelkleimpaul/Desktop/Projetos/Automacao_Shorts/data/assets/broll/finance/broll_finance_luxury_46.mp4
/Users/rafaelkleimpaul/Desktop/Projetos/Automacao_Shorts/data/assets/broll/finance/luxury new (11).MP4,/Users/rafaelkleimpaul/Desktop/Projetos/Automacao_Shorts/data/assets/broll/finance/broll_finance_luxury_11.mp4
/Users/rafaelkleimpaul/Desktop/Projetos/Automacao_Shorts/data/assets/broll/finance/Golden hour in.MP4,/Users/rafaelkleimpaul/Desktop/Projetos/Automacao_Shorts/data/assets/broll/finance/broll_finance_golden_hour_in.mp4
/Users/rafaelkleimpaul/Desktop/Projetos/Automacao_Shorts/data/assets/broll/finance/luxury (9).MP4,/Users/rafaelkleimpaul/Desktop/Projetos/Automacao_Shorts/data/assets/broll/finance/broll_finance_luxury_9.mp4
/Users/rafaelkleimpaul/Desktop/Projetos/Automacao_Shorts/data/assets/broll/finance/Audi‘s Symphony!   Mit diesem Audi R8 Spyder V10 performance RWD hatten wir eine unvergessliche Zeit in den Alpen! Seid gespannt auf die Ergebnisse!  #audir8 #r8v10 #moveup.MP4,/Users/rafaelkleimpaul/Desktop/Projetos/Automacao_Shorts/data/assets/broll/finance/broll_finance_audi_s_symphony.mp4
/Users/rafaelkleimpaul/Desktop/Projetos/Automacao_Shorts/data/assets/broll/finance/luxury new (5).MP4,/Users/rafaelkleimpaul/Desktop/Projetos/Automacao_Shorts/data/assets/broll/finance/broll_finance_luxury_5.mp4
/Users/rafaelkleimpaul/Desktop/Projetos/Automacao_Shorts/data/assets/broll/finance/luxury new (50).MP4,/Users/rafaelkleimpaul/Desktop/Projetos/Automacao_Shorts/data/assets/broll/finance/broll_finance_luxury_50.mp4
/Users/rafaelkleimpaul/Desktop/Projetos/Automacao_Shorts/data/assets/broll/finance/car(1).MP4,/Users/rafaelkleimpaul/Desktop/Projetos/Automacao_Shorts/data/assets/broll/finance/broll_finance_car_1.mp4
/Users/rafaelkleimpaul/Desktop/Projetos/Automacao_Shorts/data/assets/broll/finance/luxury new (27).MP4,/Users/rafaelkleimpaul/Desktop/Projetos/Automacao_Shorts/data/assets/broll/finance/broll_finance_luxury_27.mp4
/Users/rafaelkleimpaul/Desktop/Projetos/Automacao_Shorts/data/assets/broll/finance/Call me.MP4,/Users/rafaelkleimpaul/Desktop/Projetos/Automacao_Shorts/data/assets/broll/finance/broll_finance_call_me.mp4
/Users/rafaelkleimpaul/Desktop/Projetos/Automacao_Shorts/data/assets/broll/finance/luxury new (70).MP4,/Users/rafaelkleimpaul/Desktop/Projetos/Automacao_Shorts/data/assets/broll/finance/broll_finance_luxury_70.mp4
/Users/rafaelkleimpaul/Desktop/Projetos/Automacao_Shorts/data/assets/broll/finance/Dangerous duo .MP4,/Users/rafaelkleimpaul/Desktop/Projetos/Automacao_Shorts/data/assets/broll/finance/broll_finance_dangerous_duo.mp4
/Users/rafaelkleimpaul/Desktop/Projetos/Automacao_Shorts/data/assets/broll/finance/luxury new (66).MP4,/Users/rafaelkleimpaul/Desktop/Projetos/Automacao_Shorts/data/assets/broll/finance/broll_finance_luxury_66.mp4
/Users/rafaelkleimpaul/Desktop/Projetos/Automacao_Shorts/data/assets/broll/finance/Audi R8 Spyder! .MP4,/Users/rafaelkleimpaul/Desktop/Projetos/Automacao_Shorts/data/assets/broll/finance/broll_finance_audi_r8_spyder.mp4
/Users/rafaelkleimpaul/Desktop/Projetos/Automacao_Shorts/data/assets/broll/finance/luxury new (31).MP4,/Users/rafaelkleimpaul/Desktop/Projetos/Automacao_Shorts/data/assets/broll/finance/broll_finance_luxury_31.mp4
/Users/rafaelkleimpaul/Desktop/Projetos/Automacao_Shorts/data/assets/broll/finance/Getaway at your own luxury.MP4,/Users/rafaelkleimpaul/Desktop/Projetos/Automacao_Shorts/data/assets/broll/finance/broll_finance_getaway_at_your.mp4
/Users/rafaelkleimpaul/Desktop/Projetos/Automacao_Shorts/data/assets/broll/finance/luxury (31).MP4,/Users/rafaelkleimpaul/Desktop/Projetos/Automacao_Shorts/data/assets/broll/finance/broll_finance_luxury_31.mp4
/Users/rafaelkleimpaul/Desktop/Projetos/Automacao_Shorts/data/assets/broll/finance/Green 🫢.MP4,/Users/rafaelkleimpaul/Desktop/Projetos/Automacao_Shorts/data/assets/broll/finance/broll_finance_green.mp4
/Users/rafaelkleimpaul/Desktop/Projetos/Automacao_Shorts/data/assets/broll/finance/luxury (5).MP4,/Users/rafaelkleimpaul/Desktop/Projetos/Automacao_Shorts/data/assets/broll/finance/broll_finance_luxury_5.mp4
/Users/rafaelkleimpaul/Desktop/Projetos/Automacao_Shorts/data/assets/broll/finance/luxury new (9).MP4,/Users/rafaelkleimpaul/Desktop/Projetos/Automacao_Shorts/data/assets/broll/finance/broll_finance_luxury_9.mp4
/Users/rafaelkleimpaul/Desktop/Projetos/Automacao_Shorts/data/assets/broll/finance/luxury (27).MP4,/Users/rafaelkleimpaul/Desktop/Projetos/Automacao_Shorts/data/assets/broll/finance/broll_finance_luxury_27.mp4
/Users/rafaelkleimpaul/Desktop/Projetos/Automacao_Shorts/data/assets/broll/finance/Ghost presents a.MP4,/Users/rafaelkleimpaul/Desktop/Projetos/Automacao_Shorts/data/assets/broll/finance/broll_finance_ghost_presents_a.mp4
/Users/rafaelkleimpaul/Desktop/Projetos/Automacao_Shorts/data/assets/broll/finance/luxury new (8).MP4,/Users/rafaelkleimpaul/Desktop/Projetos/Automacao_Shorts/data/assets/broll/finance/broll_finance_luxury_8.mp4
/Users/rafaelkleimpaul/Desktop/Projetos/Automacao_Shorts/data/assets/broll/finance/luxury (26).MP4,/Users/rafaelkleimpaul/Desktop/Projetos/Automacao_Shorts/data/assets/broll/finance/broll_finance_luxury_26.mp4
/Users/rafaelkleimpaul/Desktop/Projetos/Automacao_Shorts/data/assets/broll/finance/Autumn vibes .MP4,/Users/rafaelkleimpaul/Desktop/Projetos/Automacao_Shorts/data/assets/broll/finance/broll_finance_autumn_vibes.mp4
/Users/rafaelkleimpaul/Desktop/Projetos/Automacao_Shorts/data/assets/broll/finance/If Batman had a Porsche.MP4,/Users/rafaelkleimpaul/Desktop/Projetos/Automacao_Shorts/data/assets/broll/finance/broll_finance_if_batman_had.mp4
/Users/rafaelkleimpaul/Desktop/Projetos/Automacao_Shorts/data/assets/broll/finance/luxury (30).MP4,/Users/rafaelkleimpaul/Desktop/Projetos/Automacao_Shorts/data/assets/broll/finance/broll_finance_luxury_30.mp4
/Users/rafaelkleimpaul/Desktop/Projetos/Automacao_Shorts/data/assets/broll/finance/Both  Car owner.MP4,/Users/rafaelkleimpaul/Desktop/Projetos/Automacao_Shorts/data/assets/broll/finance/broll_finance_both_car_owner.mp4
/Users/rafaelkleimpaul/Desktop/Projetos/Automacao_Shorts/data/assets/broll/finance/992 GT3RS.MP4,/Users/rafaelkleimpaul/Desktop/Projetos/Automacao_Shorts/data/assets/broll/finance/broll_finance_992_gt3rs.mp4
/Users/rafaelkleimpaul/Desktop/Projetos/Automacao_Shorts/data/assets/broll/finance/Are you an AP fan.MP4,/Users/rafaelkleimpaul/Desktop/Projetos/Automacao_Shorts/data/assets/broll/finance/broll_finance_are_you_an.mp4
/Users/rafaelkleimpaul/Desktop/Projetos/Automacao_Shorts/data/assets/broll/finance/luxury new (30).MP4,/Users/rafaelkleimpaul/Desktop/Projetos/Automacao_Shorts/data/assets/broll/finance/broll_finance_luxury_30.mp4
/Users/rafaelkleimpaul/Desktop/Projetos/Automacao_Shorts/data/assets/broll/finance/luxury new (88).MP4,/Users/rafaelkleimpaul/Desktop/Projetos/Automacao_Shorts/data/assets/broll/finance/broll_finance_luxury_88.mp4
/Users/rafaelkleimpaul/Desktop/Projetos/Automacao_Shorts/data/assets/broll/finance/luxury new (67).MP4,/Users/rafaelkleimpaul/Desktop/Projetos/Automacao_Shorts/data/assets/broll/finance/broll_finance_luxury_67.mp4
/Users/rafaelkleimpaul/Desktop/Projetos/Automacao_Shorts/data/assets/broll/finance/f1 motor.MP4,/Users/rafaelkleimpaul/Desktop/Projetos/Automacao_Shorts/data/assets/broll/finance/broll_finance_f1_motor.mp4
/Users/rafaelkleimpaul/Desktop/Projetos/Automacao_Shorts/data/assets/broll/finance/luxury new (71).MP4,/Users/rafaelkleimpaul/Desktop/Projetos/Automacao_Shorts/data/assets/broll/finance/broll_finance_luxury_71.mp4
/Users/rafaelkleimpaul/Desktop/Projetos/Automacao_Shorts/data/assets/broll/finance/luxury new (26).MP4,/Users/rafaelkleimpaul/Desktop/Projetos/Automacao_Shorts/data/assets/broll/finance/broll_finance_luxury_26.mp4
/Users/rafaelkleimpaul/Desktop/Projetos/Automacao_Shorts/data/assets/broll/finance/luxu.MP4,/Users/rafaelkleimpaul/Desktop/Projetos/Automacao_Shorts/data/assets/broll/finance/broll_finance_luxu.mp4
/Users/rafaelkleimpaul/Desktop/Projetos/Automacao_Shorts/data/assets/broll/finance/luxury new (4).MP4,/Users/rafaelkleimpaul/Desktop/Projetos/Automacao_Shorts/data/assets/broll/finance/broll_finance_luxury_4.mp4
/Users/rafaelkleimpaul/Desktop/Projetos/Automacao_Shorts/data/assets/broll/finance/luxury new (51).MP4,/Users/rafaelkleimpaul/Desktop/Projetos/Automacao_Shorts/data/assets/broll/finance/broll_finance_luxury_51.mp4
/Users/rafaelkleimpaul/Desktop/Projetos/Automacao_Shorts/data/assets/broll/finance/luxury (8).MP4,/Users/rafaelkleimpaul/Desktop/Projetos/Automacao_Shorts/data/assets/broll/finance/broll_finance_luxury_8.mp4
/Users/rafaelkleimpaul/Desktop/Projetos/Automacao_Shorts/data/assets/broll/finance/luxury new (10).MP4,/Users/rafaelkleimpaul/Desktop/Projetos/Automacao_Shorts/data/assets/broll/finance/broll_finance_luxury_10.mp4
"/Users/rafaelkleimpaul/Desktop/Projetos/Automacao_Shorts/data/assets/broll/finance/Hollywood Hills,.MP4",/Users/rafaelkleimpaul/Desktop/Projetos/Automacao_Shorts/data/assets/broll/finance/broll_finance_hollywood_hills.mp4
/Users/rafaelkleimpaul/Desktop/Projetos/Automacao_Shorts/data/assets/broll/finance/Snapinsta.app_video_310905982_1075306383687120_9031475856321544949_n.MP4,/Users/rafaelkleimpaul/Desktop/Projetos/Automacao_Shorts/data/assets/broll/finance/broll_finance_snapinsta_app_310905982.mp4
/Users/rafaelkleimpaul/Desktop/Projetos/Automacao_Shorts/data/assets/broll/finance/luxury new (47).MP4,/Users/rafaelkleimpaul/Desktop/Projetos/Automacao_Shorts/data/assets/broll/finance/broll_finance_luxury_47.mp4
/Users/rafaelkleimpaul/Desktop/Projetos/Automacao_Shorts/data/assets/broll/finance/BRABUS.MP4,/Users/rafaelkleimpaul/Desktop/Projetos/Automacao_Shorts/data/assets/broll/finance/broll_finance_brabus.mp4
/Users/rafaelkleimpaul/Desktop/Projetos/Automacao_Shorts/data/assets/broll/finance/luxury (47).MP4,/Users/rafaelkleimpaul/Desktop/Projetos/Automacao_Shorts/data/assets/broll/finance/broll_finance_luxury_47.mp4
/Users/rafaelkleimpaul/Desktop/Projetos/Automacao_Shorts/data/assets/broll/finance/luxury (10).MP4,/Users/rafaelkleimpaul/Desktop/Projetos/Automacao_Shorts/data/assets/broll/finance/broll_finance_luxury_10.mp4
/Users/rafaelkleimpaul/Desktop/Projetos/Automacao_Shorts/data/assets/broll/finance/luxury new (84).MP4,/Users/rafaelkleimpaul/Desktop/Projetos/Automacao_Shorts/data/assets/broll/finance/broll_finance_luxury_84.mp4
/Users/rafaelkleimpaul/Desktop/Projetos/Automacao_Shorts/data/assets/broll/finance/luxury (51).MP4,/Users/rafaelkleimpaul/Desktop/Projetos/Automacao_Shorts/data/assets/broll/finance/broll_finance_luxury_51.mp4
/Users/rafaelkleimpaul/Desktop/Projetos/Automacao_Shorts/data/assets/broll/finance/luxury new (21).MP4,/Users/rafaelkleimpaul/Desktop/Projetos/Automacao_Shorts/data/assets/broll/finance/broll_finance_luxury_21.mp4
/Users/rafaelkleimpaul/Desktop/Projetos/Automacao_Shorts/data/assets/broll/finance/luxury new (76).MP4,/Users/rafaelkleimpaul/Desktop/Projetos/Automacao_Shorts/data/assets/broll/finance/broll_finance_luxury_76.mp4
"/Users/rafaelkleimpaul/Desktop/Projetos/Automacao_Shorts/data/assets/broll/finance/Chicago, N Wacker Drive.MP4",/Users/rafaelkleimpaul/Desktop/Projetos/Automacao_Shorts/data/assets/broll/finance/broll_finance_chicago_n_wacker.mp4
/Users/rafaelkleimpaul/Desktop/Projetos/Automacao_Shorts/data/assets/broll/finance/luxury new (60).MP4,/Users/rafaelkleimpaul/Desktop/Projetos/Automacao_Shorts/data/assets/broll/finance/broll_finance_luxury_60.mp4
/Users/rafaelkleimpaul/Desktop/Projetos/Automacao_Shorts/data/assets/broll/finance/luxury new (37).MP4,/Users/rafaelkleimpaul/Desktop/Projetos/Automacao_Shorts/data/assets/broll/finance/broll_finance_luxury_37.mp4
/Users/rafaelkleimpaul/Desktop/Projetos/Automacao_Shorts/data/assets/broll/finance/luxury (37).MP4,/Users/rafaelkleimpaul/Desktop/Projetos/Automacao_Shorts/data/assets/broll/finance/broll_finance_luxury_37.mp4
/Users/rafaelkleimpaul/Desktop/Projetos/Automacao_Shorts/data/assets/broll/finance/luxury (60).MP4,/Users/rafaelkleimpaul/Desktop/Projetos/Automacao_Shorts/data/assets/broll/finance/broll_finance_luxury_60.mp4
/Users/rafaelkleimpaul/Desktop/Projetos/Automacao_Shorts/data/assets/broll/finance/A-Rod’s wings.MP4,/Users/rafaelkleimpaul/Desktop/Projetos/Automacao_Shorts/data/assets/broll/finance/broll_finance_a_rod_s.mp4
/Users/rafaelkleimpaul/Desktop/Projetos/Automacao_Shorts/data/assets/broll/finance/luxury (3).MP4,/Users/rafaelkleimpaul/Desktop/Projetos/Automacao_Shorts/data/assets/broll/finance/broll_finance_luxury_3.mp4
/Users/rafaelkleimpaul/Desktop/Projetos/Automacao_Shorts/data/assets/broll/finance/luxury (21).MP4,/Users/rafaelkleimpaul/Desktop/Projetos/Automacao_Shorts/data/assets/broll/finance/broll_finance_luxury_21.mp4
/Users/rafaelkleimpaul/Desktop/Projetos/Automacao_Shorts/data/assets/broll/finance/luxury (56).MP4,/Users/rafaelkleimpaul/Desktop/Projetos/Automacao_Shorts/data/assets/broll/finance/broll_finance_luxury_56.mp4
/Users/rafaelkleimpaul/Desktop/Projetos/Automacao_Shorts/data/assets/broll/finance/cars.MP4,/Users/rafaelkleimpaul/Desktop/Projetos/Automacao_Shorts/data/assets/broll/finance/broll_finance_cars.mp4
/Users/rafaelkleimpaul/Desktop/Projetos/Automacao_Shorts/data/assets/broll/finance/luxury (17).MP4,/Users/rafaelkleimpaul/Desktop/Projetos/Automacao_Shorts/data/assets/broll/finance/broll_finance_luxury_17.mp4
/Users/rafaelkleimpaul/Desktop/Projetos/Automacao_Shorts/data/assets/broll/finance/luxury (40).MP4,/Users/rafaelkleimpaul/Desktop/Projetos/Automacao_Shorts/data/assets/broll/finance/broll_finance_luxury_40.mp4
/Users/rafaelkleimpaul/Desktop/Projetos/Automacao_Shorts/data/assets/broll/finance/luxury new (40).MP4,/Users/rafaelkleimpaul/Desktop/Projetos/Automacao_Shorts/data/assets/broll/finance/broll_finance_luxury_40.mp4
/Users/rafaelkleimpaul/Desktop/Projetos/Automacao_Shorts/data/assets/broll/finance/I wanna show you off  .MP4,/Users/rafaelkleimpaul/Desktop/Projetos/Automacao_Shorts/data/assets/broll/finance/broll_finance_i_wanna_show.mp4
/Users/rafaelkleimpaul/Desktop/Projetos/Automacao_Shorts/data/assets/broll/finance/luxury new (17).MP4,/Users/rafaelkleimpaul/Desktop/Projetos/Automacao_Shorts/data/assets/broll/finance/broll_finance_luxury_17.mp4
/Users/rafaelkleimpaul/Desktop/Projetos/Automacao_Shorts/data/assets/broll/finance/Dubai Marina.MP4,/Users/rafaelkleimpaul/Desktop/Projetos/Automacao_Shorts/data/assets/broll/finance/broll_finance_dubai_marina.mp4
/Users/rafaelkleimpaul/Desktop/Projetos/Automacao_Shorts/data/assets/broll/finance/luxury new (3).MP4,/Users/rafaelkleimpaul/Desktop/Projetos/Automacao_Shorts/data/assets/broll/finance/broll_finance_luxury_3.mp4
/Users/rafaelkleimpaul/Desktop/Projetos/Automacao_Shorts/data/assets/broll/finance/luxury new (56).MP4,/Users/rafaelkleimpaul/Desktop/Projetos/Automacao_Shorts/data/assets/broll/finance/broll_finance_luxury_56.mp4
/Users/rafaelkleimpaul/Desktop/Projetos/Automacao_Shorts/data/assets/broll/finance/Brand new smart.MP4,/Users/rafaelkleimpaul/Desktop/Projetos/Automacao_Shorts/data/assets/broll/finance/broll_finance_brand_smart.mp4
/Users/rafaelkleimpaul/Desktop/Projetos/Automacao_Shorts/data/assets/broll/finance/luxury new (2).MP4,/Users/rafaelkleimpaul/Desktop/Projetos/Automacao_Shorts/data/assets/broll/finance/broll_finance_luxury_2.mp4
/Users/rafaelkleimpaul/Desktop/Projetos/Automacao_Shorts/data/assets/broll/finance/luxury new (57).MP4,/Users/rafaelkleimpaul/Desktop/Projetos/Automacao_Shorts/data/assets/broll/finance/broll_finance_luxury_57.mp4
/Users/rafaelkleimpaul/Desktop/Projetos/Automacao_Shorts/data/assets/broll/finance/🥹#ferrari #812superfast #fdimages.MP4,/Users/rafaelkleimpaul/Desktop/Projetos/Automacao_Shorts/data/assets/broll/finance/broll_finance_ferrari_812superfast_fdimages.mp4
/Users/rafaelkleimpaul/Desktop/Projetos/Automacao_Shorts/data/assets/broll/finance/Elitecars.MP4,/Users/rafaelkleimpaul/Desktop/Projetos/Automacao_Shorts/data/assets/broll/finance/broll_finance_elitecars.mp4
/Users/rafaelkleimpaul/Desktop/Projetos/Automacao_Shorts/data/assets/broll/finance/Burj Khalifa Dubai   ...#dubai #indubai #burjkhalifa #burjkhalifadubai #dxb.MP4,/Users/rafaelkleimpaul/Desktop/Projetos/Automacao_Shorts/data/assets/broll/finance/broll_finance_burj_khalifa_dubai.mp4
/Users/rafaelkleimpaul/Desktop/Projetos/Automacao_Shorts/data/assets/broll/finance/Life is this.MP4,/Users/rafaelkleimpaul/Desktop/Projetos/Automacao_Shorts/data/assets/broll/finance/broll_finance_life_is_this.mp4
/Users/rafaelkleimpaul/Desktop/Projetos/Automacao_Shorts/data/assets/broll/finance/luxury new (16).MP4,/Users/rafaelkleimpaul/Desktop/Projetos/Automacao_Shorts/data/assets/broll/finance/broll_finance_luxury_16.mp4
/Users/rafaelkleimpaul/Desktop/Projetos/Automacao_Shorts/data/assets/broll/finance/luxury new (41).MP4,/Users/rafaelkleimpaul/Desktop/Projetos/Automacao_Shorts/data/assets/broll/finance/broll_finance_luxury_41.mp4
/Users/rafaelkleimpaul/Desktop/Projetos/Automacao_Shorts/data/assets/broll/finance/luxury new (82).MP4,/Users/rafaelkleimpaul/Desktop/Projetos/Automacao_Shorts/data/assets/broll/finance/broll_finance_luxury_82.mp4
/Users/rafaelkleimpaul/Desktop/Projetos/Automacao_Shorts/data/assets/broll/finance/AED.MP4,/Users/rafaelkleimpaul/Desktop/Projetos/Automacao_Shorts/data/assets/broll/finance/broll_finance_aed.mp4
/Users/rafaelkleimpaul/Desktop/Projetos/Automacao_Shorts/data/assets/broll/finance/luxury (16).MP4,/Users/rafaelkleimpaul/Desktop/Projetos/Automacao_Shorts/data/assets/broll/finance/broll_finance_luxury_16.mp4
/Users/rafaelkleimpaul/Desktop/Projetos/Automacao_Shorts/data/assets/broll/finance/Imagine spending your vacations here!.MP4,/Users/rafaelkleimpaul/Desktop/Projetos/Automacao_Shorts/data/assets/broll/finance/broll_finance_imagine_spending_your.mp4
/Users/rafaelkleimpaul/Desktop/Projetos/Automacao_Shorts/data/assets/broll/finance/luxury (57).MP4,/Users/rafaelkleimpaul/Desktop/Projetos/Automacao_Shorts/data/assets/broll/finance/broll_finance_luxury_57.mp4
/Users/rafaelkleimpaul/Desktop/Projetos/Automacao_Shorts/data/assets/broll/finance/Lugano.MP4,/Users/rafaelkleimpaul/Desktop/Projetos/Automacao_Shorts/data/assets/broll/finance/broll_finance_lugano.mp4
/Users/rafaelkleimpaul/Desktop/Projetos/Automacao_Shorts/data/assets/broll/finance/luxury (2).MP4,/Users/rafaelkleimpaul/Desktop/Projetos/Automacao_Shorts/data/assets/broll/finance/broll_finance_luxury_2.mp4
/Users/rafaelkleimpaul/Desktop/Projetos/Automacao_Shorts/data/assets/broll/finance/duo.MP4,/Users/rafaelkleimpaul/Desktop/Projetos/Automacao_Shorts/data/assets/broll/finance/broll_finance_duo.mp4
/Users/rafaelkleimpaul/Desktop/Projetos/Automacao_Shorts/data/assets/broll/finance/Elegance in motion.MP4,/Users/rafaelkleimpaul/Desktop/Projetos/Automacao_Shorts/data/assets/broll/finance/broll_finance_elegance_in_motion.mp4
/Users/rafaelkleimpaul/Desktop/Projetos/Automacao_Shorts/data/assets/broll/finance/luxury (61).MP4,/Users/rafaelkleimpaul/Desktop/Projetos/Automacao_Shorts/data/assets/broll/finance/broll_finance_luxury_61.mp4
/Users/rafaelkleimpaul/Desktop/Projetos/Automacao_Shorts/data/assets/broll/finance/luxury (36).MP4,/Users/rafaelkleimpaul/Desktop/Projetos/Automacao_Shorts/data/assets/broll/finance/broll_finance_luxury_36.mp4
/Users/rafaelkleimpaul/Desktop/Projetos/Automacao_Shorts/data/assets/broll/finance/Fierce.MP4,/Users/rafaelkleimpaul/Desktop/Projetos/Automacao_Shorts/data/assets/broll/finance/broll_finance_fierce.mp4
/Users/rafaelkleimpaul/Desktop/Projetos/Automacao_Shorts/data/assets/broll/finance/luxury new (36).MP4,/Users/rafaelkleimpaul/Desktop/Projetos/Automacao_Shorts/data/assets/broll/finance/broll_finance_luxury_36.mp4
/Users/rafaelkleimpaul/Desktop/Projetos/Automacao_Shorts/data/assets/broll/finance/bugati.MP4,/Users/rafaelkleimpaul/Desktop/Projetos/Automacao_Shorts/data/assets/broll/finance/broll_finance_bugati.mp4
/Users/rafaelkleimpaul/Desktop/Projetos/Automacao_Shorts/data/assets/broll/finance/luxury new (61).MP4,/Users/rafaelkleimpaul/Desktop/Projetos/Automacao_Shorts/data/assets/broll/finance/broll_finance_luxury_61.mp4
/Users/rafaelkleimpaul/Desktop/Projetos/Automacao_Shorts/data/assets/broll/finance/Get a behind-the-scenes.MP4,/Users/rafaelkleimpaul/Desktop/Projetos/Automacao_Shorts/data/assets/broll/finance/broll_finance_get_a_behind.mp4
/Users/rafaelkleimpaul/Desktop/Projetos/Automacao_Shorts/data/assets/broll/finance/Enjoy the little things in life .MP4,/Users/rafaelkleimpaul/Desktop/Projetos/Automacao_Shorts/data/assets/broll/finance/broll_finance_enjoy_the_little.mp4
/Users/rafaelkleimpaul/Desktop/Projetos/Automacao_Shorts/data/assets/broll/finance/luxury new (77).MP4,/Users/rafaelkleimpaul/Desktop/Projetos/Automacao_Shorts/data/assets/broll/finance/broll_finance_luxury_77.mp4
/Users/rafaelkleimpaul/Desktop/Projetos/Automacao_Shorts/data/assets/broll/finance/luxury new (20).MP4,/Users/rafaelkleimpaul/Desktop/Projetos/Automacao_Shorts/data/assets/broll/finance/broll_finance_luxury_20.mp4
/Users/rafaelkleimpaul/Desktop/Projetos/Automacao_Shorts/data/assets/broll/finance/An icon spot.MP4,/Users/rafaelkleimpaul/Desktop/Projetos/Automacao_Shorts/data/assets/broll/finance/broll_finance_an_icon_spot.mp4
